Daniel,1,1,daniel@gmail.com,3191,SI,1
Mateus,2,2,mateus@gmail.com,3192,CDC,2
Fonseca,3,3,fonseca@gmail.com,3193,SI,1
Enrico,4,4,enrico@gmail.com,3194,CDC,1
Luiz,5,5,luiz@gmail.com,3195,SI,1
Vinicius,6,6,vinicius@gmail.com,3196,SI,1
Gustavo,7,7,gustavo@gmail.com,3197,ADS,1
Rafael,8,8,rafael@gmail.com,3198,CDC,1
Gabriel,9,9,gabriel@gmail.com,3199,SI,1